ingredient,cluster,related_ingredient_1,related_ingredient_2,related_ingredient_3,related_ingredient_4,related_article_1,related_article_2
acacia-gum,gums_thickeners,xanthan-gum,locust-bean-gum,guar-gum,wheat-bran,food-thickeners-gums-in-dog-food,how-to-read-dog-supplement-labels
agar-agar,gums_thickeners,xanthan-gum,sodium-alginate,pectin,wheat-bran,food-thickeners-gums-in-dog-food,how-to-read-dog-supplement-labels
alfalfa-nutrient-concentrate,vegetables,direct-dehydrated-alfalfa-pellets,zucchini,tomatoes,zeaxanthin,all-natural-dog-supplements,what-extends-dog-lifespan
algal-oil,omega3_marine_lipids,sardine-oil,salmon-oil,menhaden-oil,whole-antarctic-krill-meal,omega-3-fish-oil-for-dogs,omega-3-for-cats
alginic-acid,gums_thickeners,xanthan-gum,sodium-alginate,pectin,wheat-bran,food-thickeners-gums-in-dog-food,how-to-read-dog-supplement-labels
amylase,digestive_enzymes,protease,papain,lipase,yogurt,digestive-enzymes-for-dogs,gut-health-for-dogs
anchovies,marine_proteins,whole-antarctic-krill-meal,whitefish-meal,whitefish,sardine-oil,protein-for-dogs,dog-skin-coat-supplements
anchovy-meal,marine_proteins,whole-antarctic-krill-meal,whitefish-meal,shrimp-meal,sardine-oil,protein-for-dogs,dog-skin-coat-supplements
animal-digest,flavors_palatable_digests,poultry-digest,liver-digest,fish-digest,turkey-meal,how-to-read-dog-supplement-labels,how-pet-supplements-are-made
animal-fat,animal_fats,poultry-fat,pork-fat,lamb-fat,vegetable-oil,dog-skin-coat-supplements,all-natural-dog-supplements
anthocyanins,plant_antioxidants,zeaxanthin,vitamin-e-supplement,vitamin-e-succinate,watermelon,antioxidants-for-dogs,antioxidants-for-cats
apple-cider-vinegar,flavors_palatable_digests,white-distilled-vinegar,smoke-flavor,propylene-glycol,turkey-meal,how-to-read-dog-supplement-labels,how-pet-supplements-are-made
apples,fruits,watermelon,pineapple,pear,zeaxanthin,antioxidants-for-dogs,what-extends-dog-lifespan
artificial-flavor,flavors_palatable_digests,smoke-flavor,pork-liver-flavor,natural-flavor,turkey-meal,how-to-read-dog-supplement-labels,how-pet-supplements-are-made
ascorbic-acid,plant_antioxidants,zeaxanthin,vitamin-e-supplement,vitamin-e-succinate,watermelon,antioxidants-for-dogs,antioxidants-for-cats
astaxanthin,omega3_marine_lipids,sardine-oil,salmon-oil,omega-3-fatty-acids,whole-antarctic-krill-meal,omega-3-fish-oil-for-dogs,omega-3-for-cats
astragalus,mushrooms_adaptogens,withania-somnifera,shiitake,reishi,zeaxanthin,immune-support-for-dogs,immune-support-for-cats
autolyzed-yeast,yeast_fermentation_immune,selenium-yeast,nutritional-yeast,hydrolyzed-yeast,yogurt,yeast-beta-glucan-for-dogs,yeast-fermentate-for-dogs
bacillus-coagulans,probiotics,yogurt,sauerkraut,probiotics,resistant-starch,probiotics-for-dogs,probiotics-for-cats
banana,fruits,watermelon,pineapple,pear,zeaxanthin,antioxidants-for-dogs,what-extends-dog-lifespan
bananas,fruits,watermelon,pineapple,pear,zeaxanthin,antioxidants-for-dogs,what-extends-dog-lifespan
barley,grains_grain_products,barley-malt-extract,cracked-pearled-barley,wheat-gluten,tapioca-starch,fillers-in-dog-supplements,protein-for-dogs
barley-grass,vegetables,zucchini,tomatoes,sweet-potatoes,zeaxanthin,all-natural-dog-supplements,what-extends-dog-lifespan
barley-malt-extract,grains_grain_products,barley,cracked-pearled-barley,wheat-gluten,tapioca-starch,fillers-in-dog-supplements,protein-for-dogs
bean-flour,legumes,pea-flour,lentil-flour,coconut-flour,wheat-flour,fillers-in-dog-supplements,protein-for-dogs
beef,animal_muscle_meats,turkey,pork,lamb,beef-spleen,protein-for-dogs,human-grade-dog-treats
beef-fat,animal_fats,beef-tallow,poultry-fat,pork-fat,vegetable-oil,dog-skin-coat-supplements,all-natural-dog-supplements
beef-heart,organ_meats,beef-spleen,beef-liver,beef-kidney,beef,organ-based-nutrition-for-dogs,how-much-liver-to-feed-dog
beef-kidney,organ_meats,beef-spleen,beef-liver,beef-heart,beef,organ-based-nutrition-for-dogs,how-much-liver-to-feed-dog
beef-liver,organ_meats,beef-heart,beef-kidney,beef-spleen,tripe,organ-based-nutrition-for-dogs,how-much-liver-to-feed-dog
beef-meal,meat_meals_byproducts,turkey-meal,soybean-meal,poultry-by-product-meal,beef,what-is-meat-meal-dog-food,chicken-by-products-dog-food
beef-spleen,organ_meats,beef-liver,beef-kidney,beef-heart,beef,organ-based-nutrition-for-dogs,how-much-liver-to-feed-dog
beef-tallow,animal_fats,beef-fat,poultry-fat,pork-fat,vegetable-oil,dog-skin-coat-supplements,all-natural-dog-supplements
beet-fiber,fibers_stool_support,beet-pulp,sweet-potato-fiber,pea-hull-fiber,resistant-starch,dog-anal-gland-diet,fillers-in-dog-supplements
beet-juice-color,artificial_colors,vegetable-juice-for-color,spirulina-color,natural-color,sorbic-acid,red-dye-40-dog-food,how-to-read-cat-food-labels
beet-pulp,fibers_stool_support,beet-fiber,pea-fiber,psyllium-husk,oat-fiber,dog-anal-gland-diet,fillers-in-dog-supplements
beetroot,vegetables,zucchini,tomatoes,sweet-potatoes,zeaxanthin,all-natural-dog-supplements,what-extends-dog-lifespan
beta-carotene,plant_antioxidants,zeaxanthin,vitamin-e-supplement,vitamin-e-succinate,watermelon,antioxidants-for-dogs,antioxidants-for-cats
bha,preservatives,sorbic-acid,sodium-propionate,sodium-benzoate,yellow-6,how-to-read-dog-supplement-labels,fillers-in-dog-supplements
bht,preservatives,sorbic-acid,sodium-propionate,sodium-benzoate,yellow-6,how-to-read-dog-supplement-labels,fillers-in-dog-supplements
bifidobacterium-animalis,probiotics,bifidobacterium-lactis,yogurt,sauerkraut,resistant-starch,probiotics-for-dogs,probiotics-for-cats
bifidobacterium-lactis,probiotics,bifidobacterium-animalis,yogurt,sauerkraut,resistant-starch,probiotics-for-dogs,probiotics-for-cats
bioperine,plant_antioxidants,zeaxanthin,vitamin-e-supplement,vitamin-e-succinate,watermelon,antioxidants-for-dogs,antioxidants-for-cats
biotin,vitamins,vitamin-k1-supplement,vitamin-k1,vitamin-d3-supplement,zinc-sulfate,dog-vitamins-deficiency,puppy-vitamins
blue-1,artificial_colors,blue-2,yellow-6,yellow-5,sorbic-acid,red-dye-40-dog-food,how-to-read-cat-food-labels
blue-2,artificial_colors,blue-1,yellow-6,yellow-5,sorbic-acid,red-dye-40-dog-food,how-to-read-cat-food-labels
blueberries,fruits,watermelon,pineapple,pear,zeaxanthin,antioxidants-for-dogs,what-extends-dog-lifespan
bone-broth,joint_support,collagen,gelatin,glucosamine,green-lipped-mussel,joint-supplements-for-dogs,uc-ii-vs-glucosamine-for-dogs
boswellia,joint_support,turmeric,msm,hyaluronic-acid,turkey-liver,joint-supplements-for-dogs,uc-ii-vs-glucosamine-for-dogs
brewers-dried-yeast,yeast_fermentation_immune,dried-yeast,selenium-yeast,nutritional-yeast,yogurt,yeast-beta-glucan-for-dogs,yeast-fermentate-for-dogs
brewers-rice,grains_grain_products,rice,brown-rice,rice-starch,tapioca-starch,fillers-in-dog-supplements,protein-for-dogs
broccoli,vegetables,zucchini,tomatoes,sweet-potatoes,zeaxanthin,all-natural-dog-supplements,what-extends-dog-lifespan
bromelain,digestive_enzymes,protease,papain,lipase,yogurt,digestive-enzymes-for-dogs,gut-health-for-dogs
brown-rice,grains_grain_products,rice,brewers-rice,rice-starch,tapioca-starch,fillers-in-dog-supplements,protein-for-dogs
butternut-squash,vegetables,squash,zucchini,tomatoes,zeaxanthin,all-natural-dog-supplements,what-extends-dog-lifespan
calcium-ascorbate,vitamins,calcium-pantothenate,calcium-d-pantothenate,vitamin-k1-supplement,calcium-iodide,dog-vitamins-deficiency,puppy-vitamins
calcium-carbonate,minerals,calcium-iodide,calcium-iodate,calcium-citrate,calcium-pantothenate,zinc-for-dogs,dog-vitamins-deficiency
calcium-citrate,minerals,calcium-iodide,calcium-iodate,calcium-carbonate,calcium-pantothenate,zinc-for-dogs,dog-vitamins-deficiency
calcium-d-pantothenate,vitamins,calcium-pantothenate,calcium-ascorbate,vitamin-k1-supplement,calcium-iodide,dog-vitamins-deficiency,puppy-vitamins
calcium-iodate,minerals,calcium-iodide,calcium-citrate,calcium-carbonate,calcium-pantothenate,zinc-for-dogs,dog-vitamins-deficiency
calcium-iodide,minerals,calcium-iodate,calcium-citrate,calcium-carbonate,calcium-pantothenate,zinc-for-dogs,dog-vitamins-deficiency
calcium-pantothenate,vitamins,calcium-d-pantothenate,calcium-ascorbate,vitamin-k1-supplement,calcium-iodide,dog-vitamins-deficiency,puppy-vitamins
calcium-propionate,preservatives,sodium-propionate,sorbic-acid,sodium-benzoate,yellow-6,how-to-read-dog-supplement-labels,fillers-in-dog-supplements
camellia-sinensis,plant_antioxidants,zeaxanthin,vitamin-e-supplement,vitamin-e-succinate,watermelon,antioxidants-for-dogs,antioxidants-for-cats
canola-meal,legumes,yellow-peas,split-peas,pinto-beans,wheat-germ-meal,fillers-in-dog-supplements,protein-for-dogs
canola-oil,seeds_plant_oils,vegetable-oil,sunflower-oil,soybean-oil,sardine-oil,dog-skin-coat-supplements,all-natural-dog-supplements
carrageenan,gums_thickeners,agar-agar,xanthan-gum,guar-gum,alginic-acid,food-thickeners-gums-in-dog-food,how-to-read-dog-supplement-labels
carrots,vegetables,zucchini,tomatoes,sweet-potatoes,zeaxanthin,all-natural-dog-supplements,what-extends-dog-lifespan
cassava,starches,cassava-flour,tapioca-starch,tapioca,wheat-gluten,fillers-in-dog-supplements,dog-vs-human-nutrition
cassava-flour,starches,cassava,tapioca-starch,tapioca,wheat-flour,fillers-in-dog-supplements,dog-vs-human-nutrition
celery,vegetables,zucchini,tomatoes,sweet-potatoes,zeaxanthin,all-natural-dog-supplements,what-extends-dog-lifespan
cellulase,digestive_enzymes,protease,papain,lipase,yogurt,digestive-enzymes-for-dogs,gut-health-for-dogs
cellulose,fibers_stool_support,microcrystalline-cellulose,wheat-bran,sweet-potato-fiber,resistant-starch,dog-anal-gland-diet,fillers-in-dog-supplements
chaga,mushrooms_adaptogens,withania-somnifera,shiitake,reishi,zeaxanthin,immune-support-for-dogs,immune-support-for-cats
chamomile,other_functional_binders,yucca-schidigera-extract,whey-powder,valerian-root,wheat-bran,how-to-read-dog-supplement-labels,why-dogs-need-supplements
champignon-mushroom-extract,mushrooms_adaptogens,withania-somnifera,shiitake,reishi,green-tea-extract,immune-support-for-dogs,immune-support-for-cats
chia-seed,seeds_plant_oils,pumpkin-seed,vegetable-oil,sunflower-oil,sardine-oil,dog-skin-coat-supplements,all-natural-dog-supplements
chicken,animal_muscle_meats,chicken-breast,turkey,pork,chicken-liver,protein-for-dogs,human-grade-dog-treats
chicken-breast,animal_muscle_meats,chicken,turkey,pork,chicken-liver,protein-for-dogs,human-grade-dog-treats
chicken-by-products,meat_meals_byproducts,meat-by-products,chicken-meal,poultry-by-product-meal,chicken-breast,what-is-meat-meal-dog-food,chicken-by-products-dog-food
chicken-fat,animal_fats,poultry-fat,pork-fat,lamb-fat,vegetable-oil,dog-skin-coat-supplements,all-natural-dog-supplements
chicken-heart,organ_meats,chicken-liver,turkey-heart,beef-heart,chicken-breast,organ-based-nutrition-for-dogs,how-much-liver-to-feed-dog
chicken-liver,organ_meats,chicken-heart,turkey-liver,duck-liver,chicken-breast,organ-based-nutrition-for-dogs,how-much-liver-to-feed-dog
chicken-liver-flavor,flavors_palatable_digests,pork-liver-flavor,liver-digest,hydrolyzed-poultry-liver,chicken-meal,how-to-read-dog-supplement-labels,how-pet-supplements-are-made
chicken-meal,meat_meals_byproducts,chicken-by-products,turkey-meal,soybean-meal,chicken-breast,what-is-meat-meal-dog-food,chicken-by-products-dog-food
chickpea-flour,legumes,pea-flour,lentil-flour,coconut-flour,wheat-flour,fillers-in-dog-supplements,protein-for-dogs
chickpeas,legumes,yellow-peas,split-peas,pinto-beans,wheat-gluten,fillers-in-dog-supplements,protein-for-dogs
chlorella,vegetables,zucchini,tomatoes,sweet-potatoes,zeaxanthin,all-natural-dog-supplements,what-extends-dog-lifespan
choline-chloride,amino_acids,tryptophan,taurine,l-threonine,vitamin-k1-supplement,taurine-for-cats,protein-requirements-cats
chondroitin,joint_support,glucosamine,msm,green-lipped-mussel,collagen,joint-supplements-for-dogs,uc-ii-vs-glucosamine-for-dogs
chromium-picolinate,minerals,zinc-sulfate,zinc-proteinate,zinc-oxide,vitamin-k1-supplement,zinc-for-dogs,dog-vitamins-deficiency
citric-acid,preservatives,sorbic-acid,sodium-propionate,sodium-benzoate,yellow-6,how-to-read-dog-supplement-labels,fillers-in-dog-supplements
coconut-flour,legumes,pea-flour,lentil-flour,chickpea-flour,wheat-flour,fillers-in-dog-supplements,protein-for-dogs
coconut-glycerin,other_functional_binders,coconut-sugar,yucca-schidigera-extract,whey-powder,wheat-bran,how-to-read-dog-supplement-labels,why-dogs-need-supplements
coconut-oil,seeds_plant_oils,vegetable-oil,sunflower-oil,soybean-oil,sardine-oil,dog-skin-coat-supplements,all-natural-dog-supplements
coconut-sugar,other_functional_binders,coconut-glycerin,yucca-schidigera-extract,whey-powder,wheat-bran,how-to-read-dog-supplement-labels,why-dogs-need-supplements
cod-liver-oil,omega3_marine_lipids,sardine-oil,salmon-oil,menhaden-oil,whole-antarctic-krill-meal,omega-3-fish-oil-for-dogs,omega-3-for-cats
coenzyme-q10,plant_antioxidants,zeaxanthin,vitamin-e-supplement,vitamin-e-succinate,watermelon,antioxidants-for-dogs,antioxidants-for-cats
collagen,joint_support,turmeric,msm,hyaluronic-acid,turkey-liver,joint-supplements-for-dogs,uc-ii-vs-glucosamine-for-dogs
colostrum,yeast_fermentation_immune,yeast-fermentate,yeast-beta-glucans,selenium-yeast,yogurt,yeast-beta-glucan-for-dogs,yeast-fermentate-for-dogs
copper-amino-acid-chelate,minerals,copper-chelate,copper-sulfate,copper-proteinate,vitamin-k1-supplement,zinc-for-dogs,dog-vitamins-deficiency
copper-chelate,minerals,copper-amino-acid-chelate,copper-sulfate,copper-proteinate,vitamin-k1-supplement,zinc-for-dogs,dog-vitamins-deficiency
copper-proteinate,minerals,copper-sulfate,copper-chelate,copper-amino-acid-chelate,vitamin-k1-supplement,zinc-for-dogs,dog-vitamins-deficiency
copper-sulfate,minerals,copper-proteinate,copper-chelate,copper-amino-acid-chelate,vitamin-k1-supplement,zinc-for-dogs,dog-vitamins-deficiency
cordyceps,mushrooms_adaptogens,withania-somnifera,shiitake,reishi,zeaxanthin,immune-support-for-dogs,immune-support-for-cats
corn,grains_grain_products,corn-meal,corn-bran,ground-corn,corn-starch,fillers-in-dog-supplements,protein-for-dogs
corn-bran,grains_grain_products,corn-meal,corn,ground-corn,corn-starch,fillers-in-dog-supplements,protein-for-dogs
corn-gluten-feed,meat_meals_byproducts,corn-gluten-meal,turkey-meal,soybean-meal,turkey,what-is-meat-meal-dog-food,chicken-by-products-dog-food
corn-gluten-meal,meat_meals_byproducts,corn-gluten-feed,turkey-meal,soybean-meal,turkey,what-is-meat-meal-dog-food,chicken-by-products-dog-food
corn-meal,grains_grain_products,corn-bran,corn,ground-corn,corn-starch,fillers-in-dog-supplements,protein-for-dogs
corn-starch,starches,tapioca-starch,potato-starch,modified-food-starch,corn-meal,fillers-in-dog-supplements,dog-vs-human-nutrition
crab-meal,marine_proteins,whole-antarctic-krill-meal,whitefish-meal,shrimp-meal,sardine-oil,protein-for-dogs,dog-skin-coat-supplements
cracked-pearled-barley,grains_grain_products,barley,barley-malt-extract,wheat-gluten,tapioca-starch,fillers-in-dog-supplements,protein-for-dogs
cranberries,fruits,watermelon,pineapple,pear,zeaxanthin,antioxidants-for-dogs,what-extends-dog-lifespan
cucumber,vegetables,zucchini,tomatoes,sweet-potatoes,zeaxanthin,all-natural-dog-supplements,what-extends-dog-lifespan
cultured-dextrose,preservatives,sorbic-acid,sodium-propionate,sodium-benzoate,yellow-6,how-to-read-dog-supplement-labels,fillers-in-dog-supplements
dandelion-root,vegetables,zucchini,tomatoes,sweet-potatoes,zeaxanthin,all-natural-dog-supplements,what-extends-dog-lifespan
dicalcium-phosphate,minerals,tricalcium-phosphate,zinc-sulfate,zinc-proteinate,vitamin-k1-supplement,zinc-for-dogs,dog-vitamins-deficiency
digestive-enzymes,digestive_enzymes,protease,papain,lipase,yogurt,digestive-enzymes-for-dogs,gut-health-for-dogs
direct-dehydrated-alfalfa-pellets,vegetables,alfalfa-nutrient-concentrate,zucchini,tomatoes,zeaxanthin,all-natural-dog-supplements,what-extends-dog-lifespan
dl-methionine,amino_acids,tryptophan,taurine,l-threonine,vitamin-k1-supplement,taurine-for-cats,protein-requirements-cats
docosahexaenoic-acid,omega3_marine_lipids,eicosapentaenoic-acid,sardine-oil,salmon-oil,whole-antarctic-krill-meal,omega-3-fish-oil-for-dogs,omega-3-for-cats
dried-bacon-fat,animal_fats,poultry-fat,pork-fat,lamb-fat,vegetable-oil,dog-skin-coat-supplements,all-natural-dog-supplements
dried-chicory-root,prebiotics,resistant-starch,psyllium-husk,prebiotics,wheat-bran,best-prebiotic-foods-for-dogs,prebiotics-for-cats
dried-egg-product,other_functional_binders,egg-product,dried-whey,dried-plasma,wheat-bran,how-to-read-dog-supplement-labels,why-dogs-need-supplements
dried-kelp,vegetables,dried-tomato-pomace,dried-sweet-potatoes,zucchini,zeaxanthin,all-natural-dog-supplements,what-extends-dog-lifespan
dried-plasma,other_functional_binders,dried-whey,dried-egg-product,yucca-schidigera-extract,wheat-bran,how-to-read-dog-supplement-labels,why-dogs-need-supplements
dried-sweet-potatoes,vegetables,sweet-potatoes,dried-tomato-pomace,dried-kelp,zeaxanthin,all-natural-dog-supplements,what-extends-dog-lifespan
dried-tomato-pomace,vegetables,dried-sweet-potatoes,dried-kelp,zucchini,zeaxanthin,all-natural-dog-supplements,what-extends-dog-lifespan
dried-whey,other_functional_binders,dried-plasma,dried-egg-product,whey-powder,wheat-bran,how-to-read-dog-supplement-labels,why-dogs-need-supplements
dried-yeast,yeast_fermentation_immune,brewers-dried-yeast,selenium-yeast,nutritional-yeast,yogurt,yeast-beta-glucan-for-dogs,yeast-fermentate-for-dogs
duck,animal_muscle_meats,turkey,pork,lamb,duck-liver,protein-for-dogs,human-grade-dog-treats
duck-fat,animal_fats,poultry-fat,pork-fat,lamb-fat,vegetable-oil,dog-skin-coat-supplements,all-natural-dog-supplements
duck-liver,organ_meats,turkey-liver,chicken-liver,beef-liver,duck,organ-based-nutrition-for-dogs,how-much-liver-to-feed-dog
duck-meal,meat_meals_byproducts,turkey-meal,soybean-meal,poultry-by-product-meal,duck,what-is-meat-meal-dog-food,chicken-by-products-dog-food
egg,other_functional_binders,egg-product,dried-egg-product,yucca-schidigera-extract,wheat-bran,how-to-read-dog-supplement-labels,why-dogs-need-supplements
egg-product,other_functional_binders,dried-egg-product,egg,yucca-schidigera-extract,wheat-bran,how-to-read-dog-supplement-labels,why-dogs-need-supplements
eggshell-membrane,joint_support,turmeric,msm,hyaluronic-acid,turkey-liver,joint-supplements-for-dogs,uc-ii-vs-glucosamine-for-dogs
eicosapentaenoic-acid,omega3_marine_lipids,docosahexaenoic-acid,sardine-oil,salmon-oil,whole-antarctic-krill-meal,omega-3-fish-oil-for-dogs,omega-3-for-cats
enterococcus-faecium,probiotics,yogurt,sauerkraut,probiotics,resistant-starch,probiotics-for-dogs,probiotics-for-cats
ethoxyquin,preservatives,sorbic-acid,sodium-propionate,sodium-benzoate,yellow-6,how-to-read-dog-supplement-labels,fillers-in-dog-supplements
euphausia-superba,marine_proteins,whole-antarctic-krill-meal,whitefish-meal,whitefish,sardine-oil,protein-for-dogs,dog-skin-coat-supplements
fermented-ingredients,yeast_fermentation_immune,yeast-fermentate,yeast-beta-glucans,selenium-yeast,yogurt,yeast-beta-glucan-for-dogs,yeast-fermentate-for-dogs
ferrous-sulfate,minerals,zinc-sulfate,manganese-sulfate,iron-sulfate,vitamin-k1-supplement,zinc-for-dogs,dog-vitamins-deficiency
fish-digest,flavors_palatable_digests,poultry-digest,liver-digest,animal-digest,turkey-meal,how-to-read-dog-supplement-labels,how-pet-supplements-are-made
fish-meal,marine_proteins,whole-antarctic-krill-meal,whitefish-meal,shrimp-meal,fish-oil,protein-for-dogs,dog-skin-coat-supplements
fish-oil,omega3_marine_lipids,salmon-oil,krill-oil,omega-3-fatty-acids,mixed-tocopherols,omega-3-fish-oil-for-dogs,omega-3-for-cats
flaxseed,seeds_plant_oils,vegetable-oil,sunflower-oil,sunflower-lecithin,sardine-oil,dog-skin-coat-supplements,all-natural-dog-supplements
folic-acid,vitamins,vitamin-k1-supplement,vitamin-k1,vitamin-d3-supplement,zinc-sulfate,dog-vitamins-deficiency,puppy-vitamins
fructooligosaccharides,prebiotics,resistant-starch,psyllium-husk,prebiotics,wheat-bran,best-prebiotic-foods-for-dogs,prebiotics-for-cats
gelatin,joint_support,turmeric,msm,hyaluronic-acid,turkey-liver,joint-supplements-for-dogs,uc-ii-vs-glucosamine-for-dogs
ginger,plant_antioxidants,zeaxanthin,vitamin-e-supplement,vitamin-e-succinate,watermelon,antioxidants-for-dogs,antioxidants-for-cats
ginkgo-biloba,plant_antioxidants,zeaxanthin,vitamin-e-supplement,vitamin-e-succinate,watermelon,antioxidants-for-dogs,antioxidants-for-cats
glucosamine,joint_support,chondroitin,msm,green-lipped-mussel,collagen,joint-supplements-for-dogs,uc-ii-vs-glucosamine-for-dogs
glutamine,amino_acids,l-glutamine,tryptophan,taurine,vitamin-k1-supplement,taurine-for-cats,protein-requirements-cats
glutathione,plant_antioxidants,zeaxanthin,vitamin-e-supplement,vitamin-e-succinate,watermelon,antioxidants-for-dogs,antioxidants-for-cats
glycerin,amino_acids,tryptophan,taurine,l-threonine,vitamin-k1-supplement,taurine-for-cats,protein-requirements-cats
gos,prebiotics,resistant-starch,psyllium-husk,prebiotics,wheat-bran,best-prebiotic-foods-for-dogs,prebiotics-for-cats
green-lipped-mussel,joint_support,glucosamine,chondroitin,msm,collagen,joint-supplements-for-dogs,uc-ii-vs-glucosamine-for-dogs
green-tea-extract,plant_antioxidants,zeaxanthin,vitamin-e-supplement,vitamin-e-succinate,watermelon,antioxidants-for-dogs,antioxidants-for-cats
ground-corn,grains_grain_products,corn,corn-meal,corn-bran,corn-starch,fillers-in-dog-supplements,protein-for-dogs
guar-fiber,fibers_stool_support,sweet-potato-fiber,pea-hull-fiber,pea-fiber,resistant-starch,dog-anal-gland-diet,fillers-in-dog-supplements
guar-gum,gums_thickeners,xanthan-gum,locust-bean-gum,carrageenan,acacia-gum,food-thickeners-gums-in-dog-food,how-to-read-dog-supplement-labels
herring,marine_proteins,herring-meal,whole-antarctic-krill-meal,whitefish-meal,sardine-oil,protein-for-dogs,dog-skin-coat-supplements
herring-meal,marine_proteins,herring,whole-antarctic-krill-meal,whitefish-meal,sardine-oil,protein-for-dogs,dog-skin-coat-supplements
hickory-smoke-flavor,flavors_palatable_digests,smoke-flavor,pork-liver-flavor,natural-flavor,turkey-meal,how-to-read-dog-supplement-labels,how-pet-supplements-are-made
honey,flavors_palatable_digests,white-distilled-vinegar,smoke-flavor,propylene-glycol,turkey-meal,how-to-read-dog-supplement-labels,how-pet-supplements-are-made
hyaluronic-acid,joint_support,turmeric,msm,green-lipped-mussel,turkey-liver,joint-supplements-for-dogs,uc-ii-vs-glucosamine-for-dogs
hydrolyzed-poultry-liver,flavors_palatable_digests,poultry-digest,pork-liver-flavor,liver-digest,poultry-by-product-meal,how-to-read-dog-supplement-labels,how-pet-supplements-are-made
hydrolyzed-yeast,yeast_fermentation_immune,selenium-yeast,nutritional-yeast,dried-yeast,yogurt,yeast-beta-glucan-for-dogs,yeast-fermentate-for-dogs
inulin,prebiotics,resistant-starch,psyllium-husk,prebiotics,wheat-bran,best-prebiotic-foods-for-dogs,prebiotics-for-cats
iron-amino-acid-chelate,minerals,iron-sulfate,iron-proteinate,zinc-amino-acid-chelate,vitamin-k1-supplement,zinc-for-dogs,dog-vitamins-deficiency
iron-proteinate,minerals,iron-sulfate,iron-amino-acid-chelate,zinc-proteinate,vitamin-k1-supplement,zinc-for-dogs,dog-vitamins-deficiency
iron-sulfate,minerals,iron-proteinate,iron-amino-acid-chelate,zinc-sulfate,vitamin-k1-supplement,zinc-for-dogs,dog-vitamins-deficiency
kale,vegetables,zucchini,tomatoes,sweet-potatoes,zeaxanthin,all-natural-dog-supplements,what-extends-dog-lifespan
kefir,probiotics,yogurt,sauerkraut,probiotics,resistant-starch,probiotics-for-dogs,probiotics-for-cats
krill-oil,omega3_marine_lipids,fish-oil,salmon-oil,astaxanthin,omega-3-fatty-acids,omega-3-fish-oil-for-dogs,omega-3-for-cats
l-ascorbyl-2-polyphosphate,plant_antioxidants,zeaxanthin,vitamin-e-supplement,vitamin-e-succinate,watermelon,antioxidants-for-dogs,antioxidants-for-cats
l-carnitine,amino_acids,l-threonine,l-theanine,l-lysine-monohydrochloride,vitamin-k1-supplement,taurine-for-cats,protein-requirements-cats
l-glutamine,amino_acids,l-threonine,l-theanine,l-lysine-monohydrochloride,vitamin-k1-supplement,taurine-for-cats,protein-requirements-cats
l-lysine,amino_acids,l-lysine-monohydrochloride,l-threonine,l-theanine,vitamin-k1-supplement,taurine-for-cats,protein-requirements-cats
l-lysine-monohydrochloride,amino_acids,l-lysine,l-threonine,l-theanine,vitamin-k1-supplement,taurine-for-cats,protein-requirements-cats
l-theanine,amino_acids,l-threonine,l-lysine-monohydrochloride,l-lysine,vitamin-k1-supplement,taurine-for-cats,protein-requirements-cats
l-threonine,amino_acids,l-theanine,l-lysine-monohydrochloride,l-lysine,vitamin-k1-supplement,taurine-for-cats,protein-requirements-cats
lactic-acid,flavors_palatable_digests,malic-acid,white-distilled-vinegar,smoke-flavor,turkey-meal,how-to-read-dog-supplement-labels,how-pet-supplements-are-made
lactobacillus-acidophilus,probiotics,yogurt,sauerkraut,probiotics,resistant-starch,probiotics-for-dogs,probiotics-for-cats
lamb,animal_muscle_meats,turkey,pork,duck,turkey-liver,protein-for-dogs,human-grade-dog-treats
lamb-fat,animal_fats,poultry-fat,pork-fat,duck-fat,vegetable-oil,dog-skin-coat-supplements,all-natural-dog-supplements
lamb-meal,meat_meals_byproducts,turkey-meal,soybean-meal,poultry-by-product-meal,lamb,what-is-meat-meal-dog-food,chicken-by-products-dog-food
lecithin,seeds_plant_oils,sunflower-lecithin,vegetable-oil,sunflower-oil,sardine-oil,dog-skin-coat-supplements,all-natural-dog-supplements
lentil-flour,legumes,pea-flour,coconut-flour,chickpea-flour,wheat-flour,fillers-in-dog-supplements,protein-for-dogs
lentils,legumes,yellow-peas,split-peas,pinto-beans,wheat-gluten,fillers-in-dog-supplements,protein-for-dogs
lignocellulose,fibers_stool_support,wheat-bran,sweet-potato-fiber,soy-hulls,resistant-starch,dog-anal-gland-diet,fillers-in-dog-supplements
lion-s-mane,mushrooms_adaptogens,lions-mane,withania-somnifera,shiitake,zeaxanthin,immune-support-for-dogs,immune-support-for-cats
lions-mane,mushrooms_adaptogens,lion-s-mane,withania-somnifera,shiitake,zeaxanthin,immune-support-for-dogs,immune-support-for-cats
lipase,digestive_enzymes,protease,papain,digestive-enzymes,yogurt,digestive-enzymes-for-dogs,gut-health-for-dogs
liver-digest,flavors_palatable_digests,pork-liver-flavor,hydrolyzed-poultry-liver,chicken-liver-flavor,turkey-meal,how-to-read-dog-supplement-labels,how-pet-supplements-are-made
locust-bean-gum,gums_thickeners,xanthan-gum,guar-gum,acacia-gum,wheat-bran,food-thickeners-gums-in-dog-food,how-to-read-dog-supplement-labels
lung,organ_meats,turkey-liver,turkey-heart,tripe,turkey,organ-based-nutrition-for-dogs,how-much-liver-to-feed-dog
lutein,plant_antioxidants,zeaxanthin,vitamin-e-supplement,vitamin-e-succinate,watermelon,antioxidants-for-dogs,antioxidants-for-cats
mackerel,marine_proteins,whole-antarctic-krill-meal,whitefish-meal,whitefish,sardine-oil,protein-for-dogs,dog-skin-coat-supplements
magnesium-citrate,minerals,magnesium-stearate,potassium-citrate,calcium-citrate,vitamin-k1-supplement,zinc-for-dogs,dog-vitamins-deficiency
magnesium-stearate,minerals,magnesium-citrate,zinc-sulfate,zinc-proteinate,vitamin-k1-supplement,zinc-for-dogs,dog-vitamins-deficiency
maitake,mushrooms_adaptogens,withania-somnifera,shiitake,reishi,zeaxanthin,immune-support-for-dogs,immune-support-for-cats
malic-acid,flavors_palatable_digests,lactic-acid,white-distilled-vinegar,smoke-flavor,turkey-meal,how-to-read-dog-supplement-labels,how-pet-supplements-are-made
maltodextrin,starches,tapioca-starch,tapioca,potatoes,wheat-gluten,fillers-in-dog-supplements,dog-vs-human-nutrition
manganese-amino-acid-chelate,minerals,manganese-sulfate,manganese-proteinate,manganese-gluconate,vitamin-k1-supplement,zinc-for-dogs,dog-vitamins-deficiency
manganese-gluconate,minerals,manganese-sulfate,manganese-proteinate,manganese-amino-acid-chelate,vitamin-k1-supplement,zinc-for-dogs,dog-vitamins-deficiency
manganese-proteinate,minerals,manganese-sulfate,manganese-gluconate,manganese-amino-acid-chelate,vitamin-k1-supplement,zinc-for-dogs,dog-vitamins-deficiency
manganese-sulfate,minerals,manganese-proteinate,manganese-gluconate,manganese-amino-acid-chelate,vitamin-k1-supplement,zinc-for-dogs,dog-vitamins-deficiency
manganous-oxide,minerals,zinc-oxide,zinc-sulfate,zinc-proteinate,vitamin-k1-supplement,zinc-for-dogs,dog-vitamins-deficiency
mango,fruits,watermelon,pineapple,pear,zeaxanthin,antioxidants-for-dogs,what-extends-dog-lifespan
marshmallow-root,other_functional_binders,valerian-root,yucca-schidigera-extract,whey-powder,wheat-bran,how-to-read-dog-supplement-labels,why-dogs-need-supplements
meat-and-bone-meal,meat_meals_byproducts,meat-meal,meat-by-products,turkey-meal,turkey,what-is-meat-meal-dog-food,chicken-by-products-dog-food
meat-by-products,meat_meals_byproducts,chicken-by-products,meat-meal,meat-and-bone-meal,turkey,what-is-meat-meal-dog-food,chicken-by-products-dog-food
meat-meal,meat_meals_byproducts,meat-and-bone-meal,meat-by-products,turkey-meal,turkey,what-is-meat-meal-dog-food,chicken-by-products-dog-food
melatonin,other_functional_binders,yucca-schidigera-extract,whey-powder,valerian-root,wheat-bran,how-to-read-dog-supplement-labels,why-dogs-need-supplements
menadione-sodium-bisulfite-complex,vitamins,vitamin-k1-supplement,vitamin-k1,vitamin-d3-supplement,zinc-methionine-complex,dog-vitamins-deficiency,puppy-vitamins
menhaden-oil,omega3_marine_lipids,sardine-oil,salmon-oil,krill-oil,whole-antarctic-krill-meal,omega-3-fish-oil-for-dogs,omega-3-for-cats
microcrystalline-cellulose,fibers_stool_support,cellulose,wheat-bran,sweet-potato-fiber,resistant-starch,dog-anal-gland-diet,fillers-in-dog-supplements
milk-thistle,mushrooms_adaptogens,withania-somnifera,shiitake,reishi,zeaxanthin,immune-support-for-dogs,immune-support-for-cats
millet,grains_grain_products,wheat-gluten,wheat-germ-meal,wheat-flour,tapioca-starch,fillers-in-dog-supplements,protein-for-dogs
miscanthus-grass,fibers_stool_support,wheat-bran,sweet-potato-fiber,soy-hulls,resistant-starch,dog-anal-gland-diet,fillers-in-dog-supplements
mixed-tocopherols,preservatives,sorbic-acid,sodium-propionate,sodium-benzoate,yellow-6,how-to-read-dog-supplement-labels,fillers-in-dog-supplements
modified-food-starch,starches,tapioca-starch,potato-starch,corn-starch,rice-starch,fillers-in-dog-supplements,dog-vs-human-nutrition
molasses,other_functional_binders,yucca-schidigera-extract,whey-powder,valerian-root,wheat-bran,how-to-read-dog-supplement-labels,why-dogs-need-supplements
montmorillonite-clay,other_functional_binders,yucca-schidigera-extract,whey-powder,valerian-root,wheat-bran,how-to-read-dog-supplement-labels,why-dogs-need-supplements
mos,prebiotics,resistant-starch,psyllium-husk,prebiotics,wheat-bran,best-prebiotic-foods-for-dogs,prebiotics-for-cats
msm,joint_support,turmeric,hyaluronic-acid,green-lipped-mussel,turkey-liver,joint-supplements-for-dogs,uc-ii-vs-glucosamine-for-dogs
natural-color,artificial_colors,vegetable-juice-for-color,spirulina-color,beet-juice-color,sorbic-acid,red-dye-40-dog-food,how-to-read-cat-food-labels
natural-flavor,flavors_palatable_digests,smoke-flavor,pork-liver-flavor,hickory-smoke-flavor,turkey-meal,how-to-read-dog-supplement-labels,how-pet-supplements-are-made
navy-beans,legumes,pinto-beans,yellow-peas,split-peas,wheat-gluten,fillers-in-dog-supplements,protein-for-dogs
niacin,vitamins,niacin-supplement,vitamin-k1-supplement,vitamin-k1,zinc-sulfate,dog-vitamins-deficiency,puppy-vitamins
niacin-supplement,vitamins,niacin,vitamin-k1-supplement,vitamin-d3-supplement,zinc-sulfate,dog-vitamins-deficiency,puppy-vitamins
nutritional-yeast,yeast_fermentation_immune,selenium-yeast,hydrolyzed-yeast,dried-yeast,yogurt,yeast-beta-glucan-for-dogs,yeast-fermentate-for-dogs
oat-fiber,fibers_stool_support,oat-hulls,sweet-potato-fiber,pea-hull-fiber,resistant-starch,dog-anal-gland-diet,fillers-in-dog-supplements
oat-flour,grains_grain_products,oat-groats,wheat-flour,sorghum-flour,cassava-flour,fillers-in-dog-supplements,protein-for-dogs
oat-groats,grains_grain_products,oat-flour,wheat-gluten,wheat-germ-meal,tapioca-starch,fillers-in-dog-supplements,protein-for-dogs
oat-hulls,fibers_stool_support,oat-fiber,soy-hulls,rice-hulls,resistant-starch,dog-anal-gland-diet,fillers-in-dog-supplements
oatmeal,grains_grain_products,wheat-gluten,wheat-germ-meal,wheat-flour,tapioca-starch,fillers-in-dog-supplements,protein-for-dogs
oats,grains_grain_products,wheat-gluten,wheat-germ-meal,wheat-flour,tapioca-starch,fillers-in-dog-supplements,protein-for-dogs
oil-of-rosemary,preservatives,rosemary-extract,sorbic-acid,sodium-propionate,yellow-6,how-to-read-dog-supplement-labels,fillers-in-dog-supplements
olive-oil,seeds_plant_oils,vegetable-oil,sunflower-oil,soybean-oil,sardine-oil,dog-skin-coat-supplements,all-natural-dog-supplements
omega-3-fatty-acids,omega3_marine_lipids,sardine-oil,salmon-oil,menhaden-oil,whole-antarctic-krill-meal,omega-3-fish-oil-for-dogs,omega-3-for-cats
oysters,marine_proteins,whole-antarctic-krill-meal,whitefish-meal,whitefish,sardine-oil,protein-for-dogs,dog-skin-coat-supplements
palatant,flavors_palatable_digests,white-distilled-vinegar,smoke-flavor,propylene-glycol,turkey-meal,how-to-read-dog-supplement-labels,how-pet-supplements-are-made
palm-fruit-oil,seeds_plant_oils,vegetable-oil,sunflower-oil,soybean-oil,sardine-oil,dog-skin-coat-supplements,all-natural-dog-supplements
papain,digestive_enzymes,protease,lipase,digestive-enzymes,yogurt,digestive-enzymes-for-dogs,gut-health-for-dogs
papaya,fruits,watermelon,pineapple,pear,zeaxanthin,antioxidants-for-dogs,what-extends-dog-lifespan
paractin,plant_antioxidants,zeaxanthin,vitamin-e-supplement,vitamin-e-succinate,watermelon,antioxidants-for-dogs,antioxidants-for-cats
parsley,vegetables,zucchini,tomatoes,sweet-potatoes,zeaxanthin,all-natural-dog-supplements,what-extends-dog-lifespan
passionflower,other_functional_binders,yucca-schidigera-extract,whey-powder,valerian-root,wheat-bran,how-to-read-dog-supplement-labels,why-dogs-need-supplements
pea-fiber,fibers_stool_support,pea-hull-fiber,sweet-potato-fiber,oat-fiber,resistant-starch,dog-anal-gland-diet,fillers-in-dog-supplements
pea-flour,legumes,pea-starch,pea-protein,lentil-flour,wheat-flour,fillers-in-dog-supplements,protein-for-dogs
pea-hull-fiber,fibers_stool_support,pea-fiber,sweet-potato-fiber,oat-fiber,resistant-starch,dog-anal-gland-diet,fillers-in-dog-supplements
pea-protein,legumes,pea-starch,pea-flour,yellow-peas,wheat-gluten,fillers-in-dog-supplements,protein-for-dogs
pea-protein-concentrate,meat_meals_byproducts,soy-protein-concentrate,turkey-meal,soybean-meal,turkey,what-is-meat-meal-dog-food,chicken-by-products-dog-food
pea-starch,legumes,pea-protein,pea-flour,yellow-peas,rice-starch,fillers-in-dog-supplements,protein-for-dogs
peanut-hulls,fibers_stool_support,soy-hulls,rice-hulls,oat-hulls,resistant-starch,dog-anal-gland-diet,fillers-in-dog-supplements
pear,fruits,watermelon,pineapple,papaya,zeaxanthin,antioxidants-for-dogs,what-extends-dog-lifespan
peas,legumes,yellow-peas,split-peas,pinto-beans,wheat-gluten,fillers-in-dog-supplements,protein-for-dogs
pectin,gums_thickeners,xanthan-gum,sodium-alginate,locust-bean-gum,wheat-bran,food-thickeners-gums-in-dog-food,how-to-read-dog-supplement-labels
phosphoric-acid,other_functional_binders,yucca-schidigera-extract,whey-powder,valerian-root,wheat-bran,how-to-read-dog-supplement-labels,why-dogs-need-supplements
pineapple,fruits,watermelon,pear,papaya,zeaxanthin,antioxidants-for-dogs,what-extends-dog-lifespan
pinto-beans,legumes,navy-beans,yellow-peas,split-peas,wheat-gluten,fillers-in-dog-supplements,protein-for-dogs
pork,animal_muscle_meats,turkey,lamb,duck,turkey-liver,protein-for-dogs,human-grade-dog-treats
pork-by-product-meal,meat_meals_byproducts,poultry-by-product-meal,pork-meal,meat-by-products,pork,what-is-meat-meal-dog-food,chicken-by-products-dog-food
pork-fat,animal_fats,poultry-fat,lamb-fat,duck-fat,vegetable-oil,dog-skin-coat-supplements,all-natural-dog-supplements
pork-liver-flavor,flavors_palatable_digests,chicken-liver-flavor,liver-digest,hydrolyzed-poultry-liver,pork-meal,how-to-read-dog-supplement-labels,how-pet-supplements-are-made
pork-meal,meat_meals_byproducts,pork-by-product-meal,turkey-meal,soybean-meal,pork,what-is-meat-meal-dog-food,chicken-by-products-dog-food
potassium-chloride,minerals,potassium-iodide,potassium-citrate,sodium-chloride,vitamin-k1-supplement,zinc-for-dogs,dog-vitamins-deficiency
potassium-citrate,minerals,potassium-iodide,potassium-chloride,magnesium-citrate,vitamin-k1-supplement,zinc-for-dogs,dog-vitamins-deficiency
potassium-iodide,minerals,potassium-citrate,potassium-chloride,calcium-iodide,vitamin-k1-supplement,zinc-for-dogs,dog-vitamins-deficiency
potassium-sorbate,preservatives,sorbic-acid,sodium-propionate,sodium-benzoate,yellow-6,how-to-read-dog-supplement-labels,fillers-in-dog-supplements
potato-starch,starches,tapioca-starch,modified-food-starch,corn-starch,rice-starch,fillers-in-dog-supplements,dog-vs-human-nutrition
potatoes,starches,tapioca-starch,tapioca,potato-starch,wheat-gluten,fillers-in-dog-supplements,dog-vs-human-nutrition
poultry-by-product-meal,meat_meals_byproducts,pork-by-product-meal,meat-by-products,chicken-by-products,turkey,what-is-meat-meal-dog-food,chicken-by-products-dog-food
poultry-digest,flavors_palatable_digests,hydrolyzed-poultry-liver,liver-digest,fish-digest,poultry-by-product-meal,how-to-read-dog-supplement-labels,how-pet-supplements-are-made
poultry-fat,animal_fats,pork-fat,lamb-fat,duck-fat,vegetable-oil,dog-skin-coat-supplements,all-natural-dog-supplements
prebiotics,prebiotics,resistant-starch,psyllium-husk,mos,wheat-bran,best-prebiotic-foods-for-dogs,prebiotics-for-cats
probiotics,probiotics,yogurt,sauerkraut,lactobacillus-acidophilus,resistant-starch,probiotics-for-dogs,probiotics-for-cats
propylene-glycol,flavors_palatable_digests,white-distilled-vinegar,smoke-flavor,poultry-digest,turkey-meal,how-to-read-dog-supplement-labels,how-pet-supplements-are-made
protease,digestive_enzymes,papain,lipase,digestive-enzymes,yogurt,digestive-enzymes-for-dogs,gut-health-for-dogs
psyllium-husk,prebiotics,resistant-starch,prebiotics,mos,wheat-bran,best-prebiotic-foods-for-dogs,prebiotics-for-cats
pumpkin,vegetables,zucchini,tomatoes,sweet-potatoes,zeaxanthin,all-natural-dog-supplements,what-extends-dog-lifespan
pumpkin-seed,seeds_plant_oils,chia-seed,vegetable-oil,sunflower-oil,sardine-oil,dog-skin-coat-supplements,all-natural-dog-supplements
pyridoxine-hydrochloride,vitamins,thiamine-hydrochloride,vitamin-k1-supplement,vitamin-k1,zinc-sulfate,dog-vitamins-deficiency,puppy-vitamins
quercetin,plant_antioxidants,zeaxanthin,vitamin-e-supplement,vitamin-e-succinate,watermelon,antioxidants-for-dogs,antioxidants-for-cats
red-3,artificial_colors,red-40,yellow-6,yellow-5,sorbic-acid,red-dye-40-dog-food,how-to-read-cat-food-labels
red-40,artificial_colors,yellow-5,yellow-6,blue-1,natural-color,red-dye-40-dog-food,how-to-read-cat-food-labels
reishi,mushrooms_adaptogens,withania-somnifera,shiitake,milk-thistle,zeaxanthin,immune-support-for-dogs,immune-support-for-cats
resistant-starch,prebiotics,psyllium-husk,prebiotics,mos,wheat-bran,best-prebiotic-foods-for-dogs,prebiotics-for-cats
riboflavin,vitamins,riboflavin-supplement,vitamin-k1-supplement,vitamin-k1,zinc-sulfate,dog-vitamins-deficiency,puppy-vitamins
riboflavin-supplement,vitamins,riboflavin,vitamin-k1-supplement,vitamin-d3-supplement,zinc-sulfate,dog-vitamins-deficiency,puppy-vitamins
rice,grains_grain_products,rice-starch,rice-flour,brown-rice,tapioca-starch,fillers-in-dog-supplements,protein-for-dogs
rice-bran,fibers_stool_support,rice-hulls,wheat-bran,sweet-potato-fiber,resistant-starch,dog-anal-gland-diet,fillers-in-dog-supplements
rice-flour,grains_grain_products,rice-starch,rice,brown-rice,cassava-flour,fillers-in-dog-supplements,protein-for-dogs
rice-hulls,fibers_stool_support,rice-bran,soy-hulls,peanut-hulls,resistant-starch,dog-anal-gland-diet,fillers-in-dog-supplements
rice-starch,grains_grain_products,rice-flour,rice,brown-rice,tapioca-starch,fillers-in-dog-supplements,protein-for-dogs
rosemary-extract,preservatives,oil-of-rosemary,sorbic-acid,sodium-propionate,yellow-6,how-to-read-dog-supplement-labels,fillers-in-dog-supplements
rye-meal,grains_grain_products,wheat-germ-meal,corn-meal,wheat-gluten,tapioca-starch,fillers-in-dog-supplements,protein-for-dogs
safflower-oil,seeds_plant_oils,vegetable-oil,sunflower-oil,soybean-oil,sardine-oil,dog-skin-coat-supplements,all-natural-dog-supplements
salmon,marine_proteins,salmon-meal,whole-antarctic-krill-meal,whitefish-meal,salmon-oil,protein-for-dogs,dog-skin-coat-supplements
salmon-meal,marine_proteins,salmon,whole-antarctic-krill-meal,whitefish-meal,salmon-oil,protein-for-dogs,dog-skin-coat-supplements
salmon-oil,omega3_marine_lipids,fish-oil,krill-oil,omega-3-fatty-acids,mixed-tocopherols,omega-3-fish-oil-for-dogs,omega-3-for-cats
salt,other_functional_binders,yucca-schidigera-extract,whey-powder,valerian-root,wheat-bran,how-to-read-dog-supplement-labels,why-dogs-need-supplements
sardine-oil,omega3_marine_lipids,salmon-oil,menhaden-oil,krill-oil,whole-antarctic-krill-meal,omega-3-fish-oil-for-dogs,omega-3-for-cats
sardines,marine_proteins,whole-antarctic-krill-meal,whitefish-meal,whitefish,sardine-oil,protein-for-dogs,dog-skin-coat-supplements
sauerkraut,probiotics,yogurt,probiotics,lactobacillus-acidophilus,resistant-starch,probiotics-for-dogs,probiotics-for-cats
sea-buckthorn,plant_antioxidants,zeaxanthin,vitamin-e-supplement,vitamin-e-succinate,watermelon,antioxidants-for-dogs,antioxidants-for-cats
selenium,minerals,zinc-sulfate,zinc-proteinate,zinc-oxide,vitamin-k1-supplement,zinc-for-dogs,dog-vitamins-deficiency
selenium-yeast,yeast_fermentation_immune,nutritional-yeast,hydrolyzed-yeast,dried-yeast,yogurt,yeast-beta-glucan-for-dogs,yeast-fermentate-for-dogs
shiitake,mushrooms_adaptogens,withania-somnifera,reishi,milk-thistle,zeaxanthin,immune-support-for-dogs,immune-support-for-cats
shrimp,marine_proteins,shrimp-meal,whole-antarctic-krill-meal,whitefish-meal,sardine-oil,protein-for-dogs,dog-skin-coat-supplements
shrimp-meal,marine_proteins,shrimp,whole-antarctic-krill-meal,whitefish-meal,sardine-oil,protein-for-dogs,dog-skin-coat-supplements
silicon-dioxide,minerals,zinc-sulfate,zinc-proteinate,zinc-oxide,vitamin-k1-supplement,zinc-for-dogs,dog-vitamins-deficiency
slippery-elm-bark,other_functional_binders,yucca-schidigera-extract,whey-powder,valerian-root,wheat-bran,how-to-read-dog-supplement-labels,why-dogs-need-supplements
smoke-flavor,flavors_palatable_digests,hickory-smoke-flavor,pork-liver-flavor,natural-flavor,turkey-meal,how-to-read-dog-supplement-labels,how-pet-supplements-are-made
sodium-acid-pyrophosphate,other_functional_binders,sodium-tripolyphosphate,sodium-hexametaphosphate,yucca-schidigera-extract,wheat-bran,how-to-read-dog-supplement-labels,why-dogs-need-supplements
sodium-alginate,gums_thickeners,xanthan-gum,pectin,locust-bean-gum,wheat-bran,food-thickeners-gums-in-dog-food,how-to-read-dog-supplement-labels
sodium-benzoate,preservatives,sodium-propionate,sorbic-acid,rosemary-extract,yellow-6,how-to-read-dog-supplement-labels,fillers-in-dog-supplements
sodium-chloride,minerals,sodium-selenite,potassium-chloride,zinc-sulfate,menadione-sodium-bisulfite-complex,zinc-for-dogs,dog-vitamins-deficiency
sodium-hexametaphosphate,other_functional_binders,sodium-tripolyphosphate,sodium-acid-pyrophosphate,yucca-schidigera-extract,wheat-bran,how-to-read-dog-supplement-labels,why-dogs-need-supplements
sodium-propionate,preservatives,sodium-benzoate,calcium-propionate,sorbic-acid,yellow-6,how-to-read-dog-supplement-labels,fillers-in-dog-supplements
sodium-selenite,minerals,sodium-chloride,zinc-sulfate,zinc-proteinate,menadione-sodium-bisulfite-complex,zinc-for-dogs,dog-vitamins-deficiency
sodium-tripolyphosphate,other_functional_binders,sodium-hexametaphosphate,sodium-acid-pyrophosphate,yucca-schidigera-extract,wheat-bran,how-to-read-dog-supplement-labels,why-dogs-need-supplements
sorbic-acid,preservatives,citric-acid,sodium-propionate,sodium-benzoate,yellow-6,how-to-read-dog-supplement-labels,fillers-in-dog-supplements
sorghum,grains_grain_products,sorghum-flour,wheat-gluten,wheat-germ-meal,tapioca-starch,fillers-in-dog-supplements,protein-for-dogs
sorghum-flour,grains_grain_products,sorghum,wheat-flour,rice-flour,cassava-flour,fillers-in-dog-supplements,protein-for-dogs
soy-hulls,fibers_stool_support,rice-hulls,peanut-hulls,oat-hulls,resistant-starch,dog-anal-gland-diet,fillers-in-dog-supplements
soy-protein-concentrate,meat_meals_byproducts,soy-protein-isolate,pea-protein-concentrate,turkey-meal,turkey,what-is-meat-meal-dog-food,chicken-by-products-dog-food
soy-protein-isolate,meat_meals_byproducts,soy-protein-concentrate,turkey-meal,soybean-meal,turkey,what-is-meat-meal-dog-food,chicken-by-products-dog-food
soybean-meal,meat_meals_byproducts,turkey-meal,poultry-by-product-meal,pork-meal,turkey,what-is-meat-meal-dog-food,chicken-by-products-dog-food
soybean-oil,seeds_plant_oils,vegetable-oil,sunflower-oil,safflower-oil,sardine-oil,dog-skin-coat-supplements,all-natural-dog-supplements
spinach,vegetables,zucchini,tomatoes,sweet-potatoes,zeaxanthin,all-natural-dog-supplements,what-extends-dog-lifespan
spirulina,plant_antioxidants,chlorella,astaxanthin,lutein,zeaxanthin,antioxidants-for-dogs,antioxidants-for-cats
spirulina-color,artificial_colors,vegetable-juice-for-color,natural-color,beet-juice-color,sorbic-acid,red-dye-40-dog-food,how-to-read-cat-food-labels
split-peas,legumes,yellow-peas,peas,pinto-beans,wheat-gluten,fillers-in-dog-supplements,protein-for-dogs
squash,vegetables,butternut-squash,zucchini,tomatoes,zeaxanthin,all-natural-dog-supplements,what-extends-dog-lifespan
sunflower-lecithin,seeds_plant_oils,sunflower-oil,lecithin,vegetable-oil,sardine-oil,dog-skin-coat-supplements,all-natural-dog-supplements
sunflower-oil,seeds_plant_oils,sunflower-lecithin,vegetable-oil,soybean-oil,sardine-oil,dog-skin-coat-supplements,all-natural-dog-supplements
sweet-potato-fiber,fibers_stool_support,pea-hull-fiber,pea-fiber,oat-fiber,resistant-starch,dog-anal-gland-diet,fillers-in-dog-supplements
sweet-potatoes,vegetables,dried-sweet-potatoes,zucchini,tomatoes,zeaxanthin,all-natural-dog-supplements,what-extends-dog-lifespan
tapioca,starches,tapioca-starch,potatoes,potato-starch,wheat-gluten,fillers-in-dog-supplements,dog-vs-human-nutrition
tapioca-starch,starches,tapioca,potato-starch,modified-food-starch,rice-starch,fillers-in-dog-supplements,dog-vs-human-nutrition
taurine,amino_acids,choline-chloride,l-carnitine,fish-oil,vitamin-a-supplement,taurine-for-cats,protein-requirements-cats
thiamine-hydrochloride,vitamins,thiamine-mononitrate,pyridoxine-hydrochloride,vitamin-k1-supplement,zinc-sulfate,dog-vitamins-deficiency,puppy-vitamins
thiamine-mononitrate,vitamins,thiamine-hydrochloride,vitamin-k1-supplement,vitamin-k1,zinc-sulfate,dog-vitamins-deficiency,puppy-vitamins
tomatoes,vegetables,zucchini,sweet-potatoes,squash,zeaxanthin,all-natural-dog-supplements,what-extends-dog-lifespan
tricalcium-phosphate,minerals,dicalcium-phosphate,zinc-sulfate,zinc-proteinate,vitamin-k1-supplement,zinc-for-dogs,dog-vitamins-deficiency
tripe,organ_meats,turkey-liver,turkey-heart,lung,turkey,organ-based-nutrition-for-dogs,how-much-liver-to-feed-dog
tryptophan,amino_acids,taurine,l-threonine,l-theanine,vitamin-k1-supplement,taurine-for-cats,protein-requirements-cats
tuna,marine_proteins,whole-antarctic-krill-meal,whitefish-meal,whitefish,sardine-oil,protein-for-dogs,dog-skin-coat-supplements
turkey,animal_muscle_meats,pork,lamb,duck,turkey-liver,protein-for-dogs,human-grade-dog-treats
turkey-heart,organ_meats,turkey-liver,chicken-heart,beef-heart,turkey,organ-based-nutrition-for-dogs,how-much-liver-to-feed-dog
turkey-liver,organ_meats,turkey-heart,duck-liver,chicken-liver,turkey,organ-based-nutrition-for-dogs,how-much-liver-to-feed-dog
turkey-meal,meat_meals_byproducts,soybean-meal,poultry-by-product-meal,pork-meal,turkey,what-is-meat-meal-dog-food,chicken-by-products-dog-food
turmeric,joint_support,msm,hyaluronic-acid,green-lipped-mussel,turkey-liver,joint-supplements-for-dogs,uc-ii-vs-glucosamine-for-dogs
valerian-root,other_functional_binders,marshmallow-root,yucca-schidigera-extract,whey-powder,wheat-bran,how-to-read-dog-supplement-labels,why-dogs-need-supplements
vegetable-juice-for-color,artificial_colors,beet-juice-color,spirulina-color,natural-color,sorbic-acid,red-dye-40-dog-food,how-to-read-cat-food-labels
vegetable-oil,seeds_plant_oils,sunflower-oil,soybean-oil,safflower-oil,sardine-oil,dog-skin-coat-supplements,all-natural-dog-supplements
vitamin-a-acetate,vitamins,vitamin-a-supplement,vitamin-k1-supplement,vitamin-k1,zinc-sulfate,dog-vitamins-deficiency,puppy-vitamins
vitamin-a-supplement,vitamins,vitamin-a-acetate,vitamin-k1-supplement,vitamin-d3-supplement,zinc-sulfate,dog-vitamins-deficiency,puppy-vitamins
vitamin-b12-supplement,vitamins,vitamin-k1-supplement,vitamin-d3-supplement,vitamin-d2-supplement,zinc-sulfate,dog-vitamins-deficiency,puppy-vitamins
vitamin-d2-supplement,vitamins,vitamin-k1-supplement,vitamin-d3-supplement,vitamin-b12-supplement,zinc-sulfate,dog-vitamins-deficiency,puppy-vitamins
vitamin-d3-supplement,vitamins,vitamin-k1-supplement,vitamin-d2-supplement,vitamin-b12-supplement,zinc-sulfate,dog-vitamins-deficiency,puppy-vitamins
vitamin-e-acetate,plant_antioxidants,vitamin-e-supplement,vitamin-e-succinate,zeaxanthin,watermelon,antioxidants-for-dogs,antioxidants-for-cats
vitamin-e-succinate,plant_antioxidants,vitamin-e-supplement,vitamin-e-acetate,zeaxanthin,watermelon,antioxidants-for-dogs,antioxidants-for-cats
vitamin-e-supplement,plant_antioxidants,vitamin-e-succinate,vitamin-e-acetate,zeaxanthin,watermelon,antioxidants-for-dogs,antioxidants-for-cats
vitamin-k1,vitamins,vitamin-k1-supplement,vitamin-d3-supplement,vitamin-d2-supplement,zinc-sulfate,dog-vitamins-deficiency,puppy-vitamins
vitamin-k1-supplement,vitamins,vitamin-k1,vitamin-d3-supplement,vitamin-d2-supplement,zinc-sulfate,dog-vitamins-deficiency,puppy-vitamins
watermelon,fruits,pineapple,pear,papaya,zeaxanthin,antioxidants-for-dogs,what-extends-dog-lifespan
wheat,grains_grain_products,wheat-gluten,wheat-germ-meal,wheat-flour,tapioca-starch,fillers-in-dog-supplements,protein-for-dogs
wheat-bran,fibers_stool_support,rice-bran,sweet-potato-fiber,soy-hulls,resistant-starch,dog-anal-gland-diet,fillers-in-dog-supplements
wheat-flour,grains_grain_products,wheat-gluten,wheat-germ-meal,wheat,cassava-flour,fillers-in-dog-supplements,protein-for-dogs
wheat-germ-meal,grains_grain_products,wheat-gluten,wheat-flour,wheat,tapioca-starch,fillers-in-dog-supplements,protein-for-dogs
wheat-gluten,grains_grain_products,wheat-germ-meal,wheat-flour,wheat,tapioca-starch,fillers-in-dog-supplements,protein-for-dogs
whey-powder,other_functional_binders,dried-whey,yucca-schidigera-extract,valerian-root,wheat-bran,how-to-read-dog-supplement-labels,why-dogs-need-supplements
white-distilled-vinegar,flavors_palatable_digests,apple-cider-vinegar,smoke-flavor,propylene-glycol,turkey-meal,how-to-read-dog-supplement-labels,how-pet-supplements-are-made
whitefish,marine_proteins,whitefish-meal,whole-antarctic-krill-meal,tuna,sardine-oil,protein-for-dogs,dog-skin-coat-supplements
whitefish-meal,marine_proteins,whitefish,whole-antarctic-krill-meal,shrimp-meal,sardine-oil,protein-for-dogs,dog-skin-coat-supplements
whole-antarctic-krill-meal,marine_proteins,whitefish-meal,shrimp-meal,salmon-meal,krill-oil,protein-for-dogs,dog-skin-coat-supplements
withania-somnifera,mushrooms_adaptogens,shiitake,reishi,milk-thistle,zeaxanthin,immune-support-for-dogs,immune-support-for-cats
xanthan-gum,gums_thickeners,guar-gum,locust-bean-gum,carrageenan,acacia-gum,food-thickeners-gums-in-dog-food,how-to-read-dog-supplement-labels
yeast-beta-glucans,yeast_fermentation_immune,yeast-fermentate,autolyzed-yeast,brewers-dried-yeast,colostrum,yeast-beta-glucan-for-dogs,yeast-fermentate-for-dogs
yeast-fermentate,yeast_fermentation_immune,yeast-beta-glucans,autolyzed-yeast,brewers-dried-yeast,colostrum,yeast-beta-glucan-for-dogs,yeast-fermentate-for-dogs
yellow-5,artificial_colors,yellow-6,vegetable-juice-for-color,spirulina-color,sorbic-acid,red-dye-40-dog-food,how-to-read-cat-food-labels
yellow-6,artificial_colors,yellow-5,vegetable-juice-for-color,spirulina-color,sorbic-acid,red-dye-40-dog-food,how-to-read-cat-food-labels
yellow-peas,legumes,split-peas,peas,pinto-beans,wheat-gluten,fillers-in-dog-supplements,protein-for-dogs
yogurt,probiotics,sauerkraut,probiotics,lactobacillus-acidophilus,resistant-starch,probiotics-for-dogs,probiotics-for-cats
yucca-schidigera-extract,other_functional_binders,whey-powder,valerian-root,sodium-tripolyphosphate,wheat-bran,how-to-read-dog-supplement-labels,why-dogs-need-supplements
zeaxanthin,plant_antioxidants,vitamin-e-supplement,vitamin-e-succinate,vitamin-e-acetate,watermelon,antioxidants-for-dogs,antioxidants-for-cats
zinc-amino-acid-chelate,minerals,zinc-chelate,zinc-sulfate,zinc-proteinate,vitamin-k1-supplement,zinc-for-dogs,dog-vitamins-deficiency
zinc-chelate,minerals,zinc-amino-acid-chelate,zinc-sulfate,zinc-proteinate,vitamin-k1-supplement,zinc-for-dogs,dog-vitamins-deficiency
zinc-methionine-complex,minerals,zinc-sulfate,zinc-proteinate,zinc-oxide,menadione-sodium-bisulfite-complex,zinc-for-dogs,dog-vitamins-deficiency
zinc-oxide,minerals,zinc-sulfate,zinc-proteinate,zinc-methionine-complex,vitamin-k1-supplement,zinc-for-dogs,dog-vitamins-deficiency
zinc-proteinate,minerals,zinc-sulfate,zinc-oxide,zinc-methionine-complex,vitamin-k1-supplement,zinc-for-dogs,dog-vitamins-deficiency
zinc-sulfate,minerals,zinc-proteinate,zinc-oxide,zinc-methionine-complex,vitamin-k1-supplement,zinc-for-dogs,dog-vitamins-deficiency
zucchini,vegetables,tomatoes,sweet-potatoes,squash,zeaxanthin,all-natural-dog-supplements,what-extends-dog-lifespan
